{"train_accuracy": 0.9024999737739563, "train_loss": 1.7557518482208252, "test_accuracy": 0.46000000834465027, "epoch": 4, "_timestamp": 1675095252.4358392, "_runtime": 260.60593724250793, "_step": 4}