{"train_accuracy": 0.5724999904632568, "train_loss": 2.107916831970215, "test_accuracy": 0.33000001311302185, "epoch": 2, "_timestamp": 1675096151.782631, "_runtime": 154.35948991775513, "_step": 2}