{"train_accuracy": 0.5, "train_loss": 1.9515251636505127, "test_accuracy": 0.225, "epoch": 2, "_timestamp": 1675095536.8663013, "_runtime": 164.18690538406372, "_step": 2}