{"train_accuracy": 0.3900000063702464, "train_loss": 1.9875024080276489, "test_accuracy": 0.25000000447034837, "epoch": 0, "_timestamp": 1675101369.661649, "_runtime": 45.49900197982788, "_step": 0}