{"train_accuracy": 0.6475, "train_loss": 1.806821813583374, "test_accuracy": 0.3, "epoch": 2, "_timestamp": 1675095818.8166587, "_runtime": 159.36357164382935, "_step": 2}